scenario,sample_id,Doctor,Nurse,Assistant,Specialist,wmax,cost,wait,mu_cost,mu_wait,lambda,feasible,triage_violation,ga_time_s
expected,1,3,3,6,1,200000.0,1500.0,47628.874519381745,0.9615384615384616,0.7620461389378258,0.7620461389378258,False,2.952324577318791,231.3138723373413
