scenario,sample_id,Doctor,Nurse,Assistant,Specialist,wmax,cost,wait,mu_cost,mu_wait,lambda,feasible,triage_violation,ga_time_s
expected,3,6,8,9,1,200000.0,2750.0,21226.839410478315,0.9049773755656109,0.8940893252789281,0.8940893252789281,True,0.0,189.78492093086243
expected,2,3,1,1,2,200000.0,1350.0,22841.192644562037,0.9683257918552036,0.8860155406623553,0.8860155406623553,True,0.0,186.43160772323608
expected,4,3,1,9,1,200000.0,1450.0,24644.1459266618,0.9638009049773756,0.8769985199966902,0.8769985199966902,True,0.0,188.5905647277832
expected,5,1,1,2,1,200000.0,700.0,40914.4398256343,0.997737556561086,0.7956267075487157,0.7956267075487157,True,0.0,182.39838337898254
expected,1,1,5,2,1,200000.0,1100.0,42728.68404226318,0.9796380090497737,0.7865532180932073,0.7865532180932073,True,0.0,186.31231427192688
