scenario,sample_id,Doctor,Nurse,Assistant,Specialist,wmax,cost,wait,mu_cost,mu_wait,lambda,feasible,triage_violation,ga_time_s
expected,2,3,1,1,2,200000.0,1350.0,31995.458214503742,0.9683257918552036,0.8402327671192611,0.8402327671192611,False,62.87475257227335,232.105712890625
expected,3,6,8,9,1,200000.0,2750.0,39192.20622859363,0.9049773755656109,0.804240028864248,0.804240028864248,False,2.952324577318791,236.2181499004364
expected,1,1,5,2,1,200000.0,1100.0,60363.86290211488,0.9796380090497737,0.6983552743080027,0.6983552743080027,False,96.1962318190586,231.63613104820251
